sra,layout
ERR4144822,paired
ERR4144823,paired
ERR4144824,paired
ERR4144825,paired
ERR4144826,paired
ERR4144827,paired
ERR4144828,paired
ERR4144829,paired
ERR4144830,paired
ERR4144831,paired
ERR4144832,paired
ERR4144833,paired
ERR4144834,paired
ERR4144835,paired
ERR4144836,paired
ERR4144837,paired
ERR4144838,paired
ERR4144839,paired
ERR4144840,paired
ERR4144841,paired
ERR4144842,paired
ERR4144843,paired
ERR4144844,paired
ERR4144845,paired
ERR4144846,paired
ERR4144847,paired
ERR4144848,paired
ERR4144849,paired
ERR4144850,paired
ERR4144851,paired
ERR4144852,paired
ERR4144853,paired
ERR4144854,paired
ERR4144855,paired
ERR4144856,paired
ERR4144857,paired
ERR4144858,paired
ERR4144859,paired
ERR4144860,paired
ERR4144861,paired
ERR4144862,paired
ERR4144863,paired
ERR4144864,paired
ERR4144865,paired
ERR4144866,paired
ERR4144867,paired
ERR4144868,paired
ERR4144869,paired
ERR4144870,paired
ERR4144871,paired
ERR4144872,paired
SRR10584127,single
SRR10584128,single
SRR10584129,single
SRR10584130,single
SRR10584131,single
SRR10584132,single
SRR10584133,single
SRR10584134,single
SRR10584135,single
SRR10584136,single
SRR10584137,single
SRR10584138,single
ERR3602908,paired
ERR3603269,paired
ERR3603270,paired
ERR3603271,paired
ERR3603272,paired
ERR3603273,paired
ERR3603274,paired
ERR3603275,paired
ERR3603276,paired
ERR3603277,paired
ERR3603278,paired
ERR3603279,paired
ERR3603280,paired
ERR3603281,paired
ERR3603282,paired
ERR3603283,paired
ERR3603284,paired
ERR3603285,paired
ERR3603286,paired
ERR3603287,paired
ERR3603288,paired
ERR3603289,paired
ERR3603290,paired
ERR3603291,paired
ERR3603292,paired
ERR3603293,paired
ERR3603294,paired
ERR3603295,paired
ERR3603296,paired
ERR3603297,paired
ERR3603298,paired
ERR3603299,paired
ERR3603300,paired
ERR3603301,paired
ERR3603302,paired
ERR3603303,paired
ERR3603304,paired
ERR3603305,paired
ERR3603306,paired
ERR3603307,paired
ERR3603308,paired
ERR3603309,paired
ERR3603310,paired
ERR3603311,paired
ERR3603312,paired
ERR3603313,paired
ERR3603314,paired
ERR3603315,paired
ERR3603316,paired
ERR3603317,paired
ERR3603318,paired
ERR3603319,paired
ERR3603320,paired
ERR3603321,paired
ERR3603322,paired
ERR3603323,paired
ERR3603324,paired
ERR3603325,paired
ERR3603326,paired
ERR3603327,paired
ERR3603328,paired
ERR3603329,paired
ERR3603330,paired
ERR3603331,paired
ERR3603332,paired
ERR3603333,paired
ERR3603334,paired
ERR3603335,paired
ERR3603336,paired
ERR3603337,paired
ERR3603338,paired
ERR3603339,paired
ERR3603340,paired
ERR3603341,paired
ERR3603342,paired
ERR3603343,paired
ERR3603344,paired
ERR3603345,paired
ERR3603346,paired
ERR3603347,paired
ERR3603348,paired
ERR3603349,paired
ERR3603350,paired
ERR3603351,paired
ERR3603352,paired
ERR3603353,paired
ERR3603354,paired
ERR3603355,paired
ERR3603356,paired
ERR3603357,paired
ERR3603358,paired
ERR3603359,paired
ERR3603360,paired
ERR3603361,paired
ERR3603362,paired
ERR3603363,paired
ERR3603364,paired
ERR3603365,paired
ERR3603366,paired
ERR3603367,paired
ERR3603368,paired
ERR3603369,paired
ERR3603370,paired
ERR3603371,paired
ERR3603372,paired
ERR3603373,paired
ERR3603374,paired
ERR3603375,paired
ERR3603376,paired
ERR3603377,paired
ERR3603378,paired
ERR3603379,paired
ERR3603380,paired
ERR3603381,paired
ERR3603382,paired
ERR3603383,paired
ERR3603384,paired
ERR3603385,paired
ERR3603386,paired
ERR3603387,paired
ERR3603388,paired
ERR3603389,paired
ERR3603390,paired
ERR3603391,paired
ERR3603392,paired
ERR3603393,paired
ERR3603394,paired
ERR3603395,paired
ERR3603396,paired
ERR3603397,paired
ERR3603398,paired
ERR3603399,paired
ERR3603400,paired
ERR3603401,paired
ERR3603402,paired
ERR3603403,paired
ERR3603404,paired
ERR3603405,paired
ERR3603406,paired
ERR3603407,paired
ERR3603408,paired
ERR3603409,paired
ERR3603410,paired
ERR3603411,paired
ERR3603412,paired
ERR3603413,paired
ERR3603414,paired
ERR3603415,paired
ERR3603416,paired
ERR3603417,paired
ERR3603418,paired
ERR3603419,paired
ERR3603420,paired
ERR3603421,paired
ERR3603422,paired
ERR3603423,paired
ERR3603424,paired
ERR3603425,paired
ERR3603426,paired
ERR3603427,paired
ERR3603428,paired
ERR3603429,paired
ERR3603430,paired
ERR3603431,paired
ERR3603432,paired
ERR3603433,paired
ERR3603434,paired
ERR3603435,paired
ERR3603436,paired
ERR3603437,paired
ERR3603438,paired
ERR3603439,paired
ERR3603440,paired
ERR3603441,paired
ERR3603442,paired
ERR3603443,paired
ERR3603444,paired
ERR3603445,paired
ERR3603446,paired
ERR3603447,paired
ERR3603448,paired
ERR3603449,paired
ERR3603450,paired
ERR3603451,paired
ERR3603452,paired
ERR3603453,paired
ERR3603454,paired
ERR3603455,paired
ERR3603456,paired
ERR3603457,paired
ERR3603458,paired
ERR3603459,paired
ERR3603460,paired
ERR3603461,paired
ERR3603462,paired
ERR3603463,paired
ERR3603464,paired
ERR3603465,paired
ERR3603466,paired
ERR3603467,paired
ERR3603468,paired
ERR3603469,paired
ERR3603470,paired
ERR3603471,paired
ERR3603472,paired
ERR3603473,paired
ERR3603474,paired
ERR3603475,paired
ERR3603476,paired
ERR3603477,paired
ERR3603478,paired
ERR3603479,paired
ERR3603480,paired
ERR3603481,paired
ERR3603482,paired
ERR3603483,paired
ERR3603484,paired
ERR3603485,paired
ERR3603486,paired
ERR3603487,paired
ERR3603488,paired
ERR3603489,paired
ERR3603490,paired
ERR3603491,paired
ERR3603492,paired
ERR3603493,paired
ERR3603494,paired
ERR3603495,paired
ERR3603496,paired
ERR3603497,paired
ERR3603498,paired
ERR3603499,paired
ERR3603500,paired
ERR3603501,paired
ERR3603502,paired
ERR3603503,paired
ERR3603504,paired
ERR3603505,paired
ERR3603506,paired
ERR3603507,paired
ERR3603508,paired
ERR3603509,paired
ERR3603510,paired
ERR3603511,paired
ERR3603512,paired
ERR3603513,paired
ERR3603514,paired
ERR3603515,paired
ERR3603516,paired
ERR3603517,paired
ERR3603518,paired
ERR3603519,paired
ERR3603520,paired
ERR3603521,paired
ERR3603522,paired
ERR3603523,paired
ERR3603524,paired
ERR3603525,paired
ERR3603526,paired
ERR3603527,paired
ERR3603528,paired
ERR3603529,paired
ERR3603530,paired
ERR3603531,paired
ERR3603532,paired
ERR3603533,paired
ERR3603534,paired
ERR3603535,paired
ERR3603536,paired
ERR3603537,paired
ERR3603538,paired
ERR3603539,paired
ERR3603540,paired
ERR3603541,paired
ERR3603542,paired
ERR3603543,paired
ERR3603544,paired
ERR3603545,paired
ERR3603546,paired
ERR3603547,paired
ERR3603548,paired
ERR3603549,paired
ERR3603550,paired
ERR3603551,paired
ERR3603552,paired
ERR3603553,paired
ERR3603554,paired
ERR3603555,paired
ERR3603556,paired
ERR3603557,paired
ERR3603558,paired
ERR3603559,paired
ERR3603560,paired
ERR3603561,paired
ERR3603562,paired
ERR3603563,paired
ERR3603564,paired
ERR3603565,paired
ERR3603566,paired
ERR3603567,paired
ERR3603568,paired
ERR3603569,paired
ERR3603570,paired
ERR3603571,paired
ERR3603572,paired
ERR3603573,paired
ERR3603574,paired
ERR3603575,paired
ERR3603576,paired
ERR3603577,paired
ERR3603578,paired
ERR3603579,paired
ERR3603580,paired
ERR3603581,paired
ERR3603582,paired
ERR3603583,paired
ERR3603584,paired
ERR3603585,paired
ERR3603586,paired
ERR3603587,paired
ERR3603588,paired
ERR3603589,paired
ERR3603590,paired
ERR3603591,paired
ERR3603592,paired
ERR3603593,paired
ERR3603594,paired
ERR3603595,paired
ERR3603596,paired
ERR3603597,paired
ERR3603598,paired
ERR3603599,paired
ERR3603600,paired
ERR3603601,paired
ERR3603602,paired
ERR3603603,paired
ERR3603604,paired
ERR3603605,paired
ERR3603606,paired
ERR3603607,paired
ERR3603608,paired
ERR3603609,paired
ERR3603610,paired
ERR3603611,paired
ERR3603612,paired
ERR3603613,paired
ERR3603614,paired
ERR3603615,paired
ERR3603616,paired
ERR3603617,paired
ERR3603618,paired
ERR3603619,paired
ERR3603620,paired
ERR3603621,paired
ERR3603622,paired
ERR3603623,paired
ERR3603624,paired
ERR3603625,paired
ERR3603626,paired
ERR3603627,paired
SRR7127609,paired
SRR7127610,paired
SRR7127614,paired
SRR7127615,paired
SRR7127616,paired
SRR7127617,paired
SRR7127630,paired
SRR7127631,paired
SRR7127632,paired
SRR8594323,single
SRR8594324,single
SRR8594325,single
SRR8594326,single
SRR8594327,single
SRR8594328,single
SRR8594329,single
SRR8594330,single
SRR8594331,single
SRR8594332,single
SRR8594333,single
SRR8594334,single
SRR8594335,single
SRR8594336,single
SRR8594337,single
SRR8594338,single
SRR8594339,single
SRR8594340,single
SRR8594341,single
SRR8594342,single
SRR8594343,single
SRR8594344,single
SRR8594345,single
SRR8594346,single
SRR8594347,single
SRR8594348,single
SRR8594349,single
SRR8594350,single
SRR8594351,single
SRR8594352,single
SRR8594353,single
SRR8594354,single
SRR8594355,single
SRR8594356,single
SRR8594357,single
SRR8594358,single
SRR8594359,single
SRR8594360,single
SRR8594361,single
SRR8594362,single
SRR8594363,single
SRR8594364,single
SRR8594365,single
SRR8594366,single
SRR8594367,single
SRR8594368,single
SRR8594369,single
SRR8594370,single
SRR8594371,single
SRR8594372,single
SRR8594373,single
SRR8594374,single
SRR8594375,single
SRR8594376,single
SRR8594377,single
SRR8594378,single
SRR8594379,single
SRR8594380,single
SRR8594381,single
SRR8594382,single
SRR8594383,single
SRR8594384,single
SRR8594385,single
SRR8594386,single
SRR8594387,single
SRR8594388,single
SRR8594389,single
SRR8594390,single
SRR8594391,single
SRR8594392,single
SRR8594393,single
SRR8594394,single
SRR8594395,single
SRR8594396,single
SRR8594397,single
SRR8594398,single
SRR8594399,single
SRR8594400,single
SRR8594401,single
SRR8594402,single
SRR8594403,single
SRR8594404,single
SRR8594405,single
SRR8594406,single
SRR8594407,single
SRR8594408,single
SRR8594409,single
SRR8594410,single
SRR8594411,single
SRR8594412,single
SRR8594413,single
SRR8594414,single
SRR8594415,single
SRR8594416,single
SRR8594417,single
SRR8594418,single
SRR8594419,single
SRR8594420,single
SRR8594421,single
SRR8594422,single
SRR8594423,single
SRR8594424,single
SRR8594425,single
SRR8594426,single
SRR8594427,single
SRR8594428,single
SRR8594429,single
SRR8594430,single
SRR8594431,single
SRR8594432,single
SRR8594433,single
SRR8594434,single
SRR8594435,single
SRR8594436,single
SRR8594437,single
SRR8594438,single
SRR8594439,single
SRR8594440,single
SRR8594441,single
SRR8594442,single
SRR8594443,single
SRR8594444,single
SRR8594445,single
SRR8594446,single
SRR8594447,single
SRR8594448,single
SRR8594449,single
SRR8594450,single
SRR8594451,single
SRR8594452,single
SRR8594453,single
SRR8594454,single
SRR8594455,single
SRR8594456,single
SRR8594457,single
SRR8594458,single
SRR8594459,single
SRR8594460,single
SRR8594461,single
SRR8594462,single
SRR8594463,single
SRR8594464,single
SRR8594465,single
SRR8594466,single
SRR8594467,single
SRR8594468,single
SRR8594469,single
SRR8594470,single
SRR8594471,single
SRR8594472,single
SRR8594473,single
SRR8594474,single
SRR8594475,single
SRR8594476,single
SRR8594477,single
SRR8594478,single
SRR8594479,single
SRR8594480,single
SRR8594481,single
SRR8594482,single
SRR8594483,single
SRR8594484,single
SRR8594485,single
SRR8594486,single
SRR8594487,single
SRR8594488,single
SRR8594489,single
SRR8594490,single
SRR8594491,single
SRR8594492,single
SRR8594493,single
SRR8594494,single
SRR8594495,single
SRR8594496,single
SRR8594497,single
SRR8594498,single
SRR8594499,single
SRR8594500,single
SRR8594501,single
SRR8594502,single
SRR8594503,single
SRR8594504,single
SRR8594505,single
SRR8594506,single
SRR8594507,single
SRR8594508,single
SRR8594509,single
SRR8594510,single
SRR8594511,single
SRR8594512,single
SRR8594513,single
SRR8594514,single
SRR8594515,single
SRR8594516,single
SRR8594517,single
SRR8594518,single
SRR8594519,single
SRR8594520,single
SRR8594521,single
SRR8594522,single
SRR8594523,single
SRR8594524,single
SRR8594525,single
SRR8594526,single
SRR8594527,single
SRR8594528,single
SRR8594529,single
SRR8594530,single
SRR8594531,single
SRR8594532,single
SRR8594533,single
SRR8594534,single
SRR8594535,single
SRR8594536,single
SRR8594537,single
SRR8594538,single
SRR8594539,single
SRR8594540,single
SRR8594541,single
SRR8594542,single
SRR8594543,single
SRR8594544,single
SRR8594545,single
SRR8594546,single
SRR8594547,single
SRR8594548,single
SRR8594549,single
SRR8594550,single
SRR8594551,single
SRR8594552,single
SRR8594553,single
SRR8594554,single
SRR8594555,single
SRR8594556,single
SRR8594557,single
SRR8594558,single
SRR8594559,single
SRR8594560,single
SRR8594561,single
SRR8594562,single
SRR8594563,single
SRR8594564,single
SRR8594565,single
SRR8594566,single
SRR8594567,single
SRR8594568,single
SRR8594569,single
SRR8594570,single
SRR8594571,single
SRR8594572,single
SRR8594573,single
SRR8594574,single
SRR8594575,single
SRR8594576,single
SRR8594577,single
SRR8594578,single
SRR8594579,single
SRR8594580,single
SRR8594581,single
SRR8594582,single
SRR8594583,single
SRR8594584,single
SRR8594585,single
SRR8594586,single
SRR8594587,single
SRR8594588,single
SRR8594589,single
SRR8594590,single
SRR8594591,single
SRR8594592,single
SRR8594593,single
SRR8594594,single
SRR8594595,single
SRR8594596,single
SRR8594597,single
SRR8594598,single
SRR8594599,single
SRR8594600,single
SRR8594601,single
SRR8594602,single
SRR8594603,single
SRR8594604,single
SRR8594605,single
SRR8594606,single
SRR8594607,single
SRR8594608,single
SRR8594609,single
SRR8594610,single
SRR8594611,single
SRR8594612,single
SRR8594613,single
SRR8594614,single
SRR8594615,single
SRR8594616,single
SRR8594617,single
SRR8594618,single
SRR8594619,single
SRR8594620,single
SRR8594621,single
SRR8594622,single
SRR8594623,single
SRR8594624,single
SRR8594625,single
SRR8594626,single
SRR8594627,single
SRR8594628,single
SRR8594629,single
SRR8594630,single
SRR8594631,single
SRR8594632,single
SRR8594633,single
SRR8594634,single
SRR8594635,single
SRR8594636,single
SRR8594637,single
SRR8594638,single
SRR8594639,single
SRR8594640,single
SRR8594641,single
SRR8594642,single
SRR8594643,single
SRR8594644,single
SRR8594645,single
SRR8594646,single
SRR8594647,single
SRR8594648,single
SRR8594649,single
SRR8594650,single
SRR8594651,single
SRR8594652,single
SRR8594653,single
SRR8594654,single
SRR8594655,single
SRR8594656,single
SRR8594657,single
SRR8594658,single
SRR8594659,single
SRR8594660,single
SRR8594661,single
SRR8594662,single
SRR8594663,single
SRR8594664,single
SRR8594665,single
SRR8594666,single
SRR8594667,single
SRR8594668,single
SRR8594669,single
SRR8594670,single
SRR8594671,single
SRR8594672,single
SRR8594673,single
SRR8594674,single
SRR8594675,single
SRR8594676,single
SRR8594677,single
SRR8594678,single
SRR8594679,single
SRR8594680,single
SRR8594681,single
SRR8594682,single
SRR8594683,single
SRR8594684,single
SRR8594685,single
SRR8594686,single
SRR8594687,single
SRR8594688,single
SRR8594689,single
SRR8594690,single
SRR8594691,single
SRR8594692,single
SRR8594693,single
SRR8594694,single
SRR8594695,single
SRR8594696,single
SRR8594697,single
SRR8594698,single
SRR8594699,single
SRR8594700,single
SRR8594701,single
SRR8594702,single
SRR8594703,single
SRR8594704,single
SRR8594705,single
SRR8594706,single
SRR8594707,single
SRR8594708,single
SRR8594709,single
SRR8594710,single
SRR8594711,single
SRR8594712,single
SRR8594713,single
SRR8594714,single
SRR8594715,single
SRR8594716,single
SRR8594717,single
SRR8594718,single
SRR8594719,single
SRR8594720,single
SRR8594721,single
SRR8594722,single
SRR8594723,single
SRR8594724,single
SRR8594725,single
SRR8594726,single
SRR8594727,single
SRR8594728,single
SRR8594729,single
SRR8594730,single
SRR8594731,single
SRR8594732,single
SRR8594733,single
SRR8594734,single
SRR8594735,single
SRR8594736,single
SRR8594737,single
SRR8594738,single
SRR8594739,single
SRR8594740,single
SRR8594741,single
SRR8594742,single
SRR8594743,single
SRR8594744,single
SRR8594745,single
SRR8594746,single
SRR8594747,single
SRR8594748,single
SRR8594749,single
SRR8594750,single
SRR8594751,single
SRR8594752,single
SRR8594753,single
SRR8594754,single
SRR8594755,single
SRR8594756,single
SRR8594757,single
SRR8594758,single
SRR11293421,paired
SRR11293424,paired
SRR11293426,paired
SRR11293428,paired
SRR11293430,paired
SRR11293432,paired
SRR11293433,paired
SRR11293435,paired
SRR11293438,paired
SRR11293440,paired
SRR11293443,paired
SRR11293445,paired
SRR11293447,paired
SRR11293448,paired
SRR11293450,paired
SRR11293451,paired
SRR11293453,paired
SRR11293454,paired
SRR11293456,paired
SRR11293458,paired
SRR11293459,paired
SRR11293461,paired
SRR11293462,paired
SRR11293465,paired
SRR11293467,paired
SRR11293469,paired
SRR11293470,paired
SRR11293471,paired
SRR11293472,paired
SRR11293474,paired
SRR11293476,paired
SRR11293478,paired
SRR11293481,paired
SRR11293484,paired
SRR11293487,paired
SRR11293489,paired
SRR11293491,paired
SRR11293419,paired
SRR11293420,paired
SRR11293422,paired
SRR11293423,paired
SRR11293425,paired
SRR11293427,paired
SRR11293429,paired
SRR11293431,paired
SRR11293434,paired
SRR11293436,paired
SRR11293437,paired
SRR11293439,paired
SRR11293441,paired
SRR11293442,paired
SRR11293444,paired
SRR11293446,paired
SRR11293449,paired
SRR11293452,paired
SRR11293455,paired
SRR11293457,paired
SRR11293460,paired
SRR11293463,paired
SRR11293464,paired
SRR11293466,paired
SRR11293468,paired
SRR11293473,paired
SRR11293475,paired
SRR11293477,paired
SRR11293479,paired
SRR11293480,paired
SRR11293482,paired
SRR11293483,paired
SRR11293485,paired
SRR11293486,paired
SRR11293488,paired
SRR11293490,paired
SRR11293492,paired
SRR6439219,paired
SRR6439220,paired
SRR6439221,paired
SRR6439222,paired
SRR6439223,paired
SRR6439224,paired
SRR6439225,paired
SRR6439226,paired
SRR6439227,paired
SRR6439228,paired
SRR6439229,paired
SRR6439230,paired
SRR6439231,paired
SRR6439232,paired
SRR6439233,paired
SRR6439234,paired
SRR6439235,paired
SRR6439236,paired
SRR6439237,paired
SRR6439238,paired
SRR6439239,paired
SRR6439240,paired
SRR6439241,paired
SRR6439242,paired
SRR6439243,paired
SRR6439244,paired
SRR6439245,paired
SRR6439246,paired
SRR6439247,paired
SRR6439248,paired
SRR6439249,paired
SRR6439250,paired
SRR6439251,paired
SRR6439252,paired
SRR6439253,paired
SRR6439254,paired
SRR6439255,paired
SRR6439256,paired
SRR6439257,paired
SRR6439258,paired
SRR6439259,paired
SRR6439260,paired
SRR6439261,paired
SRR6439262,paired
SRR6439263,paired
SRR6439264,paired
SRR6439265,paired
SRR6439266,paired
SRR6439267,paired
SRR6439268,paired
SRR6439269,paired
SRR6439270,paired
SRR6439271,paired
SRR6439272,paired
SRR6439273,paired
SRR6439274,paired
SRR6439275,paired
SRR6439276,paired
SRR6439277,paired
SRR6439278,paired
SRR6439279,paired
SRR6439280,paired
SRR6439281,paired
SRR6439282,paired
SRR6439283,paired
SRR6439284,paired
SRR6439285,paired
SRR6439286,paired
SRR6439287,paired
SRR6439288,paired
SRR6439289,paired
SRR6439290,paired
SRR6439291,paired
SRR6439292,paired
SRR8610475,paired
SRR8610476,paired
SRR8610477,paired
SRR8610478,paired
SRR8610479,paired
SRR8610480,paired
SRR8610481,paired
SRR8610482,paired
SRR8610483,paired
SRR8610484,paired
SRR8610485,paired
SRR8610486,paired
SRR8610487,paired
SRR8610488,paired
SRR8610489,paired
SRR8610490,paired
SRR8610491,paired
SRR8610492,paired
SRR8610493,paired
SRR8610494,paired
SRR8610495,paired
SRR8610496,paired
SRR8610497,paired
SRR8610498,paired
SRR8610499,paired
SRR8610500,paired
SRR8610501,paired
SRR8610502,paired
SRR8610503,paired
SRR8610504,paired
SRR8610505,paired
SRR8610506,paired
SRR8610507,paired
SRR8610508,paired
SRR8610509,paired
SRR8610510,paired
SRR8610511,paired
SRR8610512,paired
SRR8610513,paired
SRR8610514,paired
SRR8610515,paired
SRR8610516,paired
SRR8610517,paired
SRR8610518,paired
SRR8610519,paired
SRR8610520,paired
ERR3610261,paired
ERR3610262,paired
ERR3610263,paired
ERR3610264,paired
ERR3610266,paired
ERR3610267,paired
ERR3610268,paired
ERR3610270,paired
ERR3610273,paired
ERR3610276,paired
ERR3610277,paired
ERR3610278,paired
ERR3610279,paired
ERR3610281,paired
ERR3610282,paired
ERR3610284,paired
ERR3610285,paired
ERR3610286,paired
ERR3610287,paired
ERR3610289,paired
ERR3610290,paired
ERR3610292,paired
ERR3610294,paired
ERR3610296,paired
ERR3610297,paired
ERR3610300,paired
ERR3610302,paired
ERR3610303,paired
ERR3610305,paired
ERR3610306,paired
ERR3610307,paired
ERR3610308,paired
ERR3610311,paired
ERR3610312,paired
ERR3610313,paired
ERR3610314,paired
ERR3610316,paired
ERR3610317,paired
ERR3610318,paired
ERR3610319,paired
ERR3610321,paired
ERR3610323,paired
ERR3610324,paired
ERR3610326,paired
ERR3610327,paired
ERR3610329,paired
ERR3610330,paired
ERR3610333,paired
ERR3610334,paired
ERR3610336,paired
ERR3610337,paired
ERR3610339,paired
ERR3610341,paired
ERR3610342,paired
ERR3610344,paired
ERR3610345,paired
ERR3610346,paired
ERR3610347,paired
ERR3610348,paired
ERR3610349,paired
ERR3610351,paired
ERR3610354,paired
ERR3610356,paired
ERR3610357,paired
ERR3610358,paired
ERR3610361,paired
ERR3610362,paired
ERR3610364,paired
ERR3610365,paired
ERR3610366,paired
ERR3610368,paired
ERR3610369,paired
ERR3610370,paired
ERR3610372,paired
ERR3610373,paired
ERR3610379,paired
ERR3610260,paired
ERR3610265,paired
ERR3610269,paired
ERR3610271,paired
ERR3610272,paired
ERR3610274,paired
ERR3610275,paired
ERR3610280,paired
ERR3610283,paired
ERR3610288,paired
ERR3610291,paired
ERR3610293,paired
ERR3610295,paired
ERR3610298,paired
ERR3610299,paired
ERR3610301,paired
ERR3610304,paired
ERR3610309,paired
ERR3610310,paired
ERR3610315,paired
ERR3610320,paired
ERR3610322,paired
ERR3610325,paired
ERR3610328,paired
ERR3610331,paired
ERR3610332,paired
ERR3610335,paired
ERR3610338,paired
ERR3610340,paired
ERR3610343,paired
ERR3610350,paired
ERR3610352,paired
ERR3610353,paired
ERR3610355,paired
ERR3610359,paired
ERR3610360,paired
ERR3610363,paired
ERR3610367,paired
ERR3610371,paired
ERR3610374,paired
ERR3610375,paired
ERR3610376,paired
ERR3610377,paired
ERR3610378,paired
SRR8207253,paired
SRR8207254,paired
SRR8207255,paired
SRR8207256,paired
SRR8207257,paired
SRR8207258,paired
SRR8207259,paired
SRR8207260,paired
SRR8207261,paired
SRR8207262,paired
SRR8207263,paired
SRR8207264,paired
SRR8207265,paired
SRR8207266,paired
SRR8207267,paired
SRR8207268,paired
SRR8207269,paired
SRR8207270,paired
SRR8207271,paired
SRR8207272,paired
SRR8207273,paired
SRR8207274,paired
SRR8207275,paired
SRR8207276,paired
SRR8207277,paired
SRR8207278,paired
SRR8207279,paired
SRR8207280,paired
SRR8207281,paired
SRR8207282,paired
SRR8207283,paired
SRR8207284,paired
SRR8207285,paired
SRR8207286,paired
SRR8207287,paired
SRR8207288,paired
SRR8207289,paired
SRR8207290,paired
SRR8207291,paired
SRR8207292,paired
SRR8207293,paired
SRR8207294,paired
SRR8207295,paired
SRR8207296,paired
SRR8207297,paired
SRR8207298,paired
SRR8207299,paired
SRR8207300,paired
SRR8207301,paired
SRR8207302,paired
SRR8207303,paired
SRR8207304,paired
SRR8207305,paired
SRR8207306,paired
SRR8207307,paired
SRR8207308,paired
SRR8207309,paired
SRR8207310,paired
SRR8207311,paired
SRR8207312,paired
SRR8207313,paired
SRR8207314,paired
SRR8207315,paired
SRR8207316,paired
SRR8207317,paired
SRR8207318,paired
SRR8207319,paired
SRR8207320,paired
SRR8207321,paired
SRR8207322,paired
SRR8207323,paired
SRR8207324,paired
SRR8207325,paired
SRR8207326,paired
SRR8207327,paired
SRR8207328,paired
SRR8207329,paired
SRR8207330,paired
SRR8207331,paired
SRR8207332,paired
SRR8207333,paired
SRR8207334,paired
SRR8207335,paired
SRR8207336,paired
SRR8207337,paired
SRR8207338,paired
SRR8207339,paired
SRR8207340,paired
SRR8207341,paired
SRR8207342,paired
ERR3792283,paired
ERR3792284,paired
ERR3792285,paired
ERR3792286,paired
ERR3792287,paired
ERR3792288,paired
ERR3792289,paired
ERR3792290,paired
ERR3792292,paired
ERR3792295,paired
ERR3792296,paired
ERR3792298,paired
ERR3792299,paired
ERR3792301,paired
ERR3792302,paired
ERR3792303,paired
ERR3792304,paired
ERR3792306,paired
ERR3792307,paired
ERR3792308,paired
ERR3792309,paired
ERR3792310,paired
ERR3792311,paired
ERR3792313,paired
ERR3792314,paired
ERR3792315,paired
ERR3792316,paired
ERR3792317,paired
ERR3792318,paired
ERR3792319,paired
ERR3792320,paired
ERR3792321,paired
ERR3792322,paired
ERR3792324,paired
ERR3792325,paired
ERR3792326,paired
ERR3792327,paired
ERR3792328,paired
ERR3792329,paired
ERR3792330,paired
ERR3792331,paired
ERR3792332,paired
ERR3792334,paired
ERR3792336,paired
ERR3792337,paired
ERR3792338,paired
ERR3792340,paired
ERR3792341,paired
ERR3792342,paired
ERR3792343,paired
ERR3792344,paired
ERR3792345,paired
ERR3792346,paired
ERR3792347,paired
ERR3792348,paired
ERR3792350,paired
ERR3792351,paired
ERR3792353,paired
ERR3792356,paired
ERR3792357,paired
ERR3792358,paired
ERR3792359,paired
ERR3792361,paired
ERR3792362,paired
ERR3792363,paired
ERR3792364,paired
ERR3792365,paired
ERR3792367,paired
ERR3792368,paired
ERR3792369,paired
ERR3792371,paired
ERR3792372,paired
ERR3792375,paired
ERR3792376,paired
ERR3792379,paired
ERR3792380,paired
ERR3792381,paired
ERR3792382,paired
ERR3792383,paired
ERR3792384,paired
ERR3792385,paired
ERR3792388,paired
ERR3792389,paired
ERR3792390,paired
ERR3792391,paired
ERR3792392,paired
ERR3792393,paired
ERR3792395,paired
ERR3792397,paired
ERR3792398,paired
ERR3792399,paired
ERR3792400,paired
ERR3792402,paired
ERR3792403,paired
ERR3792405,paired
ERR3792406,paired
ERR3792408,paired
ERR3792409,paired
ERR3792410,paired
ERR3792413,paired
ERR3792414,paired
ERR3792419,paired
ERR3792421,paired
ERR3792422,paired
ERR3792424,paired
ERR3792425,paired
ERR3792427,paired
ERR3792428,paired
ERR3792429,paired
ERR3792431,paired
ERR3792432,paired
ERR3792433,paired
ERR3792436,paired
ERR3792437,paired
ERR3792439,paired
ERR3792440,paired
ERR3792441,paired
ERR3792442,paired
ERR3792443,paired
ERR3792444,paired
ERR3792445,paired
ERR3792446,paired
ERR3792447,paired
ERR3792448,paired
ERR3792449,paired
ERR3792451,paired
ERR3792452,paired
ERR3792457,paired
ERR3792458,paired
ERR3792459,paired
ERR3792460,paired
ERR3792461,paired
ERR3792462,paired
ERR3792464,paired
ERR3792465,paired
ERR3792466,paired
ERR3792467,paired
ERR3792468,paired
ERR3792469,paired
ERR3792470,paired
ERR3792471,paired
ERR3792472,paired
ERR3792473,paired
ERR3792474,paired
ERR3792475,paired
ERR3792476,paired
ERR3792477,paired
ERR3792478,paired
ERR3792479,paired
ERR3792480,paired
ERR3792481,paired
ERR3792482,paired
ERR3792483,paired
ERR3792484,paired
ERR3792485,paired
ERR3792486,paired
ERR3792488,paired
ERR3792489,paired
ERR3792490,paired
ERR3792491,paired
ERR3792492,paired
ERR3792493,paired
ERR3792495,paired
ERR3792496,paired
ERR3792497,paired
ERR3792498,paired
ERR3792499,paired
ERR3792500,paired
ERR3792501,paired
ERR3792502,paired
ERR3792503,paired
ERR3792504,paired
ERR3792505,paired
ERR3792506,paired
ERR3792507,paired
ERR3792508,paired
ERR3792509,paired
ERR3792510,paired
ERR3792511,paired
ERR3792512,paired
ERR3792513,paired
ERR3792514,paired
ERR3792515,paired
ERR3792516,paired
ERR3792517,paired
ERR3792518,paired
ERR3792519,paired
ERR3792520,paired
ERR3792521,paired
ERR3792522,paired
ERR3792523,paired
ERR3792524,paired
ERR3792525,paired
ERR3792526,paired
ERR3792527,paired
ERR3792528,paired
ERR3792529,paired
ERR3792530,paired
ERR3792532,paired
ERR3792533,paired
ERR3792534,paired
ERR3792535,paired
ERR3792542,paired
ERR3792543,paired
ERR3792544,paired
ERR3792545,paired
ERR3792546,paired
ERR3792547,paired
ERR3792548,paired
ERR3792549,paired
ERR3792550,paired
ERR3792551,paired
ERR3792552,paired
ERR3792555,paired
ERR3792556,paired
ERR3792557,paired
ERR3792561,paired
ERR3792564,paired
ERR3792565,paired
ERR3792567,paired
ERR3792568,paired
ERR3792570,paired
ERR3792571,paired
ERR3792572,paired
ERR3792573,paired
ERR3792574,paired
ERR3792575,paired
ERR3792576,paired
ERR3792577,paired
ERR3792578,paired
ERR3792579,paired
ERR3792582,paired
ERR3792584,paired
ERR3792588,paired
ERR3792590,paired
ERR3792591,paired
ERR3792592,paired
ERR3792593,paired
ERR3792594,paired
ERR3792595,paired
ERR3792596,paired
ERR3792597,paired
ERR3792598,paired
ERR3792599,paired
ERR3792600,paired
ERR3792601,paired
ERR3792602,paired
ERR3792603,paired
ERR3792604,paired
ERR3792605,paired
ERR3792606,paired
ERR3792608,paired
ERR3792609,paired
ERR3792615,paired
ERR3792617,paired
ERR3792618,paired
ERR3792619,paired
ERR3792620,paired
ERR3792621,paired
ERR3792622,paired
ERR3792623,paired
ERR3792624,paired
ERR3792625,paired
ERR3792626,paired
ERR3792627,paired
ERR3792628,paired
ERR3792629,paired
ERR3792630,paired
ERR3792631,paired
ERR3792632,paired
ERR3792634,paired
ERR3792635,paired
ERR3792636,paired
ERR3792638,paired
ERR3792639,paired
ERR3792641,paired
ERR3792642,paired
ERR3792291,paired
ERR3792293,paired
ERR3792294,paired
ERR3792297,paired
ERR3792300,paired
ERR3792305,paired
ERR3792312,paired
ERR3792323,paired
ERR3792333,paired
ERR3792335,paired
ERR3792339,paired
ERR3792349,paired
ERR3792352,paired
ERR3792354,paired
ERR3792355,paired
ERR3792360,paired
ERR3792366,paired
ERR3792370,paired
ERR3792373,paired
ERR3792374,paired
ERR3792377,paired
ERR3792378,paired
ERR3792386,paired
ERR3792387,paired
ERR3792394,paired
ERR3792396,paired
ERR3792401,paired
ERR3792404,paired
ERR3792407,paired
ERR3792411,paired
ERR3792412,paired
ERR3792415,paired
ERR3792416,paired
ERR3792417,paired
ERR3792418,paired
ERR3792420,paired
ERR3792423,paired
ERR3792426,paired
ERR3792430,paired
ERR3792434,paired
ERR3792435,paired
ERR3792438,paired
ERR3792450,paired
ERR3792453,paired
ERR3792454,paired
ERR3792455,paired
ERR3792456,paired
ERR3792463,paired
ERR3792487,paired
ERR3792494,paired
ERR3792531,paired
ERR3792536,paired
ERR3792537,paired
ERR3792538,paired
ERR3792539,paired
ERR3792540,paired
ERR3792541,paired
ERR3792553,paired
ERR3792554,paired
ERR3792558,paired
ERR3792559,paired
ERR3792560,paired
ERR3792562,paired
ERR3792563,paired
ERR3792566,paired
ERR3792569,paired
ERR3792580,paired
ERR3792581,paired
ERR3792583,paired
ERR3792585,paired
ERR3792586,paired
ERR3792587,paired
ERR3792589,paired
ERR3792607,paired
ERR3792610,paired
ERR3792611,paired
ERR3792612,paired
ERR3792613,paired
ERR3792614,paired
ERR3792616,paired
ERR3792633,paired
ERR3792637,paired
ERR3792640,paired
ERR3310218,paired
ERR3310219,paired
ERR3310220,paired
ERR3310221,paired
ERR3310222,paired
ERR3310223,paired
ERR3310224,paired
ERR3310225,paired
ERR3310234,paired
ERR3310235,paired
ERR3310236,paired
ERR3310237,paired
ERR3310238,paired
ERR3310239,paired
ERR3310240,paired
ERR3310241,paired
ERR3310250,paired
ERR3310251,paired
ERR3310252,paired
ERR3310253,paired
ERR3310254,paired
ERR3310255,paired
ERR3310256,paired
ERR3310257,paired
ERR3310260,paired
ERR3310261,paired
ERR3310262,paired
ERR3310263,paired
ERR3310264,paired
ERR3310265,paired
ERR3310266,paired
ERR3310267,paired
ERR3310268,paired
ERR3310269,paired
ERR3310270,paired
ERR3310271,paired
ERR3310272,paired
ERR3310273,paired
SRR13685392,paired
SRR13685393,paired
SRR13685394,paired
SRR13685395,paired
SRR13685396,paired
SRR13685397,paired
SRR13685398,paired
SRR13685399,paired
SRR13685400,paired
SRR13685401,paired
SRR13685402,paired
SRR13685403,paired
SRR13685404,paired
SRR13685405,paired
SRR13685406,paired
SRR13685407,paired
SRR13685408,paired
SRR13685409,paired
SRR13685410,paired
SRR13685411,paired
SRR13685412,paired
SRR13685413,paired
SRR13685414,paired
SRR13685415,paired
SRR13685416,paired
SRR13685417,paired
SRR13685418,paired
SRR13685419,paired
SRR13685420,paired
SRR13685421,paired
SRR13685422,paired
SRR13685423,paired
SRR13685424,paired
SRR13685425,paired
SRR13685426,paired
SRR13685427,paired
SRR13685428,paired
SRR13685429,paired
SRR13685430,paired
SRR13685431,paired
SRR13685432,paired
SRR13685433,paired
SRR13685434,paired
SRR13685435,paired
SRR13685436,paired
SRR13685437,paired
SRR13685438,paired
SRR13685439,paired
SRR13685440,paired
SRR13685441,paired
SRR13685442,paired
SRR13685443,paired
SRR13685444,paired
SRR13685445,paired
SRR13685446,paired
SRR13685447,paired
SRR13685448,paired
SRR13685449,paired
SRR13685450,paired
SRR13685451,paired
SRR13685452,paired
SRR13685453,paired
SRR13685454,paired
SRR13685455,paired
SRR13685456,paired
SRR13685457,paired
SRR13685458,paired
SRR13685459,paired
SRR13685460,paired
SRR13685461,paired
SRR13685462,paired
SRR13685463,paired
SRR13685464,paired
SRR13685465,paired
SRR13685466,paired
SRR13685467,paired
SRR13685468,paired
SRR13685469,paired
SRR13685470,paired
SRR13685471,paired
SRR13685472,paired
SRR13685473,paired
SRR13685474,paired
SRR13685475,paired
SRR13685476,paired
SRR13685477,paired
SRR13685478,paired
SRR13685479,paired
SRR13685480,paired
SRR13685481,paired
DRR258157,paired
DRR258158,paired
DRR258159,paired
DRR258160,paired
DRR258161,paired
DRR258162,paired
DRR258163,paired
DRR258164,paired
DRR258165,paired
ERR4910736,single
ERR4910740,single
ERR4910741,single
ERR4910742,single
ERR4910744,single
ERR4910745,single
ERR4910747,single
ERR4910748,single
ERR4910750,single
ERR4910751,single
ERR4910753,single
ERR4910754,single
ERR4910755,single
ERR4910758,single
ERR4910759,single
ERR4910760,single
ERR4910761,single
ERR4910762,single
ERR4910763,single
ERR4910770,single
ERR4910772,single
ERR4910774,single
ERR4910777,single
ERR4910778,single
ERR4910781,single
ERR4910785,single
ERR4910788,single
ERR4910789,single
ERR4910791,single
ERR4910793,single
ERR4910795,single
ERR4910797,single
ERR4910799,single
ERR4910801,single
ERR4910802,single
ERR4910804,single
ERR4910806,single
ERR4910809,single
ERR4910811,single
ERR4910812,single
ERR4910813,single
ERR4910814,single
ERR4910815,single
ERR4910817,single
ERR4910819,single
ERR4910820,single
ERR4910821,single
ERR4910822,single
ERR4910825,single
ERR4910826,single
ERR4910827,single
ERR4910829,single
ERR4910831,single
ERR4910838,single
ERR4910842,single
ERR4910845,single
ERR4910846,single
ERR4910847,single
ERR4910876,single
ERR4910877,single
ERR4910880,single
ERR4910883,single
ERR4910885,single
ERR4910890,single
ERR4910894,single
ERR4910898,single
ERR4910908,single
ERR4910910,single
ERR4910912,single
ERR4910914,single
ERR4910918,single
ERR4910920,single
ERR4910922,single
ERR4910924,single
ERR4910926,single
ERR4910927,single
ERR4910929,single
ERR4910931,single
ERR4910933,single
ERR4910939,single
ERR4910941,single
ERR4910947,single
ERR4910952,single
ERR4910953,single
ERR4910955,single
ERR4910956,single
ERR4910959,single
ERR4910960,single
ERR4910961,single
ERR4910964,single
ERR4910967,single
ERR4910969,single
ERR4910972,single
ERR4910973,single
ERR4910975,single
ERR4910977,single
ERR4910978,single
ERR4910981,single
ERR4910983,single
ERR4910984,single
ERR4910985,single
ERR4910987,single
ERR4910988,single
ERR4910989,single
ERR4910990,single
ERR4910991,single
ERR4910992,single
ERR4910993,single
ERR4910994,single
ERR4910998,single
ERR4910999,single
ERR4911000,single
ERR4911001,single
ERR4911002,single
ERR4911004,single
ERR4911005,single
ERR4911008,single
ERR4911011,single
ERR4911015,single
ERR4911017,single
ERR4910733,single
ERR4910735,single
ERR4910737,single
ERR4910739,single
ERR4910746,single
ERR4910749,single
ERR4910752,single
ERR4910756,single
ERR4910764,single
ERR4910765,single
ERR4910766,single
ERR4910767,single
ERR4910768,single
ERR4910769,single
ERR4910771,single
ERR4910773,single
ERR4910775,single
ERR4910776,single
ERR4910779,single
ERR4910780,single
ERR4910782,single
ERR4910783,single
ERR4910784,single
ERR4910786,single
ERR4910787,single
ERR4910790,single
ERR4910792,single
ERR4910794,single
ERR4910796,single
ERR4910798,single
ERR4910800,single
ERR4910803,single
ERR4910805,single
ERR4910807,single
ERR4910808,single
ERR4910810,single
ERR4910816,single
ERR4910818,single
ERR4910823,single
ERR4910824,single
ERR4910828,single
ERR4910830,single
ERR4910832,single
ERR4910833,single
ERR4910835,single
ERR4910836,single
ERR4910837,single
ERR4910839,single
ERR4910840,single
ERR4910841,single
ERR4910843,single
ERR4910844,single
ERR4910848,single
ERR4910879,single
ERR4910881,single
ERR4910882,single
ERR4910884,single
ERR4910886,single
ERR4910887,single
ERR4910888,single
ERR4910891,single
ERR4910892,single
ERR4910893,single
ERR4910895,single
ERR4910897,single
ERR4910900,single
ERR4910911,single
ERR4910913,single
ERR4910915,single
ERR4910917,single
ERR4910919,single
ERR4910921,single
ERR4910923,single
ERR4910925,single
ERR4910928,single
ERR4910930,single
ERR4910932,single
ERR4910934,single
ERR4910935,single
ERR4910936,single
ERR4910937,single
ERR4910938,single
ERR4910940,single
ERR4910942,single
ERR4910943,single
ERR4910944,single
ERR4910945,single
ERR4910946,single
ERR4910948,single
ERR4910949,single
ERR4910950,single
ERR4910951,single
ERR4910954,single
ERR4910957,single
ERR4910958,single
ERR4910962,single
ERR4910963,single
ERR4910965,single
ERR4910966,single
ERR4910968,single
ERR4910970,single
ERR4910971,single
ERR4910974,single
ERR4910976,single
ERR4910979,single
ERR4910980,single
ERR4910982,single
ERR4910986,single
ERR4910995,single
ERR4910996,single
ERR4910997,single
ERR4911003,single
ERR4911006,single
ERR4911007,single
ERR4911009,single
ERR4911010,single
ERR4911012,single
ERR4911013,single
ERR4911014,single
ERR4911016,single
ERR4911018,single
SRR11653480,paired
SRR11653481,paired
SRR11653482,paired
SRR11653483,paired
SRR11653484,paired
SRR11653485,paired
SRR11653486,paired
SRR11653487,paired
SRR11653488,paired
SRR11653489,paired
SRR11653490,paired
SRR11653491,paired
SRR11653492,paired
SRR11653493,paired
SRR11653494,paired
SRR11653495,paired
SRR11653496,paired
SRR11653497,paired
SRR11653498,paired
SRR11653499,paired
SRR11653500,paired
SRR11653501,paired
SRR11653502,paired
SRR11653503,paired
SRR11653504,paired
SRR11653505,paired
SRR11653506,paired
SRR11653507,paired
SRR11653508,paired
SRR11653509,paired
SRR11653510,paired
SRR11653511,paired
SRR11653512,paired
SRR11653513,paired
SRR11653514,paired
SRR11653515,paired
SRR11653516,paired
SRR11653517,paired
SRR11653518,paired
SRR11653519,paired
SRR11653520,paired
SRR11653521,paired
SRR11653522,paired
SRR11653523,paired
SRR11653524,paired
SRR11653525,paired
SRR11653526,paired
SRR11653527,paired
SRR11653528,paired
SRR11653529,paired
SRR11653530,paired
SRR11653531,paired
SRR11653532,paired
SRR11653533,paired
SRR11653534,paired
SRR11653535,paired
SRR11653536,paired
SRR11653537,paired
SRR11653538,paired
SRR11653539,paired
SRR11653540,paired
SRR11653541,paired
SRR11653542,paired
SRR11653543,paired
SRR11653544,paired
SRR11653545,paired
SRR11653546,paired
SRR11653547,paired
SRR11653548,paired
SRR11653549,paired
SRR11653550,paired
SRR11653551,paired
SRR11653552,paired
SRR11653553,paired
SRR11653554,paired
SRR11653555,paired
SRR11653556,paired
SRR11653557,paired
SRR11653558,paired
SRR11653559,paired
SRR11653560,paired
SRR11653561,paired
SRR11653562,paired
SRR11653563,paired
SRR11653564,paired
SRR11653565,paired
SRR11653566,paired
SRR11653567,paired
SRR11653568,paired
SRR11653569,paired
SRR11653570,paired
SRR11653571,paired
SRR11653572,paired
SRR11653573,paired
SRR11653574,paired
SRR11653575,paired
SRR11653576,paired
SRR11653577,paired
SRR11653578,paired
SRR11653579,paired
SRR11653580,paired
SRR11653581,paired
SRR11653582,paired
SRR11653583,paired
SRR11653584,paired
SRR11653585,paired
SRR11653586,paired
SRR11653587,paired
SRR11653588,paired
SRR11653589,paired
SRR11653590,paired
SRR11653591,paired
SRR11653592,paired
SRR11653593,paired
SRR11653594,paired
SRR11653595,paired
SRR11653596,paired
SRR11653597,paired
SRR11653598,paired
SRR11653599,paired
SRR11653600,paired
SRR11653601,paired
SRR11653602,paired
SRR11653603,paired
SRR11653604,paired
SRR11653605,paired
SRR11653606,paired
SRR11653607,paired
SRR11653608,paired
SRR11653609,paired
SRR11653610,paired
SRR11653611,paired
SRR11653612,paired
SRR11653613,paired
SRR11653614,paired
SRR11653615,paired
SRR11653616,paired
SRR11653617,paired
SRR11653618,paired
SRR11653619,paired
SRR11653620,paired
SRR11653621,paired
SRR11653622,paired
SRR11653623,paired
SRR11653624,paired
SRR11653625,paired
SRR11653626,paired
SRR11653627,paired
SRR11653628,paired
SRR11653629,paired
SRR11653630,paired
SRR11653631,paired
SRR11653632,paired
SRR11653633,paired
SRR11653634,paired
SRR11653635,paired
SRR11653636,paired
SRR11653637,paired
SRR11653638,paired
SRR11653639,paired
SRR11653640,paired
SRR11653641,paired
SRR11653642,paired
SRR11653643,paired
SRR11653644,paired
SRR11653645,paired
SRR11653646,paired
SRR11653647,paired
SRR11653648,paired
SRR11653649,paired
SRR11653650,paired
SRR11653651,paired
SRR11653652,paired
SRR11653653,paired
SRR11653654,paired
SRR11653655,paired
SRR11653656,paired
SRR11653657,paired
SRR11653658,paired
SRR11653659,paired
SRR11653660,paired
SRR11653661,paired
SRR11653662,paired
SRR11653663,paired
SRR11653664,paired
SRR11653665,paired
SRR11653666,paired
SRR11653667,paired
SRR11653668,paired
SRR11653669,paired
SRR11653670,paired
SRR11653671,paired
SRR11653672,paired
SRR11653673,paired
SRR11653674,paired
SRR11653675,paired
SRR11653676,paired
SRR11653677,paired
SRR11653678,paired
SRR11653679,paired
SRR11653680,paired
SRR11653681,paired
SRR11653682,paired
SRR11653683,paired
SRR11653684,paired
SRR11653685,paired
SRR11653686,paired
SRR11653687,paired
SRR11653688,paired
SRR11653689,paired
SRR11653690,paired
SRR11653691,paired
SRR11653692,paired
SRR11653693,paired
SRR11653694,paired
SRR11653695,paired
SRR11653696,paired
SRR11653697,paired
SRR11653698,paired
SRR11653699,paired
SRR11653700,paired
SRR11653701,paired
SRR11653702,paired
SRR11653703,paired
SRR11653704,paired
SRR11653705,paired
SRR11653706,paired
SRR11653707,paired
SRR11653708,paired
SRR11653709,paired
SRR11653710,paired
SRR11653711,paired
SRR11653712,paired
SRR11653713,paired
SRR11653714,paired
SRR11653715,paired
SRR11653716,paired
SRR11653717,paired
SRR11653718,paired
SRR11653719,paired
SRR11653720,paired
SRR11653721,paired
SRR11653722,paired
SRR11653723,paired
SRR11653724,paired
SRR11653725,paired
SRR11653726,paired
SRR11653727,paired
SRR11653728,paired
SRR11653729,paired
SRR11653730,paired
SRR11653731,paired
SRR11653732,paired
SRR11653733,paired
SRR11653734,paired
SRR11653735,paired
SRR11653736,paired
SRR11653737,paired
SRR11653738,paired
SRR11653739,paired
SRR11653740,paired
SRR11653741,paired
SRR11653742,paired
SRR11653743,paired
SRR11653744,paired
SRR11653745,paired
SRR11653746,paired
SRR11653747,paired
SRR11653748,paired
SRR11653749,paired
SRR11653750,paired
SRR11653751,paired
SRR11653752,paired
SRR11653753,paired
SRR11653754,paired
SRR11653755,paired
SRR11653756,paired
SRR11653757,paired
SRR11653758,paired
SRR11653759,paired
SRR11653760,paired
SRR11653761,paired
SRR11653762,paired
SRR11653763,paired
SRR11653764,paired
SRR11653765,paired
SRR11653766,paired
SRR11653767,paired
SRR11653768,paired
SRR11653769,paired
SRR11653770,paired
SRR9822494,single
SRR9822495,single
SRR9822496,single
SRR9822499,single
SRR9822500,single
SRR9822501,single
SRR9822502,single
SRR9822503,single
SRR9822504,single
SRR9822505,single
SRR9822506,single
SRR9822507,single
SRR9822510,single
SRR9822512,single
SRR9822513,single
SRR9822514,single
SRR9822515,single
SRR9822516,single
SRR9822517,single
SRR9822518,single
SRR9822519,single
SRR9822520,single
SRR9822521,single
SRR9822522,single
SRR9822523,single
SRR9822524,single
SRR9822525,single
SRR9714957,paired
SRR9714958,paired
SRR9714959,paired
SRR9714960,paired
SRR10245279,paired
SRR10245281,paired
SRR10245283,paired
SRR10245285,paired
SRR10245286,paired
SRR10245287,paired
SRR10245289,paired
SRR10245290,paired
SRR10245292,paired
SRR10245293,paired
SRR10245295,paired
SRR10245298,paired
SRR10245300,paired
SRR10245301,paired
SRR10245303,paired
SRR10245304,paired
SRR10245306,paired
SRR10245308,paired
SRR10245310,paired
SRR10245312,paired
SRR10245314,paired
SRR10245316,paired
SRR10245321,paired
SRR10245322,paired
SRR10245324,paired
SRR10245327,paired
SRR10245328,paired
SRR10245330,paired
SRR10245332,paired
SRR10245334,paired
SRR10245335,paired
SRR10245338,paired
SRR10245340,paired
SRR10245342,paired
SRR10245343,paired
SRR10245345,paired
SRR10245347,paired
SRR10245349,paired
SRR10245351,paired
SRR10245353,paired
SRR7450706,paired
SRR7450707,paired
SRR7450708,paired
SRR7450709,paired
SRR7450710,paired
SRR7450711,paired
SRR7450712,paired
SRR7450713,paired
SRR7450714,paired
SRR7450715,paired
SRR7450716,paired
SRR7450717,paired
SRR7450718,paired
SRR7450719,paired
SRR7450720,paired
SRR7450721,paired
SRR7450722,paired
SRR7450723,paired
SRR7450724,paired
SRR7450725,paired
SRR7450726,paired
SRR7450727,paired
SRR7450728,paired
SRR7450729,paired
SRR7450730,paired
SRR7450731,paired
SRR7450732,paired
SRR7450733,paired
SRR7450734,paired
SRR7450735,paired
SRR7450736,paired
SRR7450737,paired
SRR7450738,paired
SRR7450739,paired
SRR7450740,paired
SRR7450741,paired
SRR7450742,paired
SRR7450743,paired
SRR7450744,paired
SRR7450745,paired
SRR7450746,paired
SRR7450747,paired
SRR7450748,paired
SRR7450749,paired
SRR7450750,paired
SRR7450751,paired
SRR7450752,paired
SRR7450753,paired
SRR7450754,paired
SRR7450755,paired
SRR7450756,paired
SRR7450757,paired
SRR7450758,paired
SRR7450759,paired
SRR7450760,paired
SRR7450761,paired
SRR10245277,paired
SRR10245278,paired
SRR10245280,paired
SRR10245282,paired
SRR10245284,paired
SRR10245288,paired
SRR10245291,paired
SRR10245294,paired
SRR10245296,paired
SRR10245297,paired
SRR10245299,paired
SRR10245302,paired
SRR10245305,paired
SRR10245307,paired
SRR10245309,paired
SRR10245311,paired
SRR10245313,paired
SRR10245315,paired
SRR10245317,paired
SRR10245318,paired
SRR10245319,paired
SRR10245320,paired
SRR10245323,paired
SRR10245325,paired
SRR10245326,paired
SRR10245329,paired
SRR10245331,paired
SRR10245333,paired
SRR10245336,paired
SRR10245337,paired
SRR10245339,paired
SRR10245341,paired
SRR10245344,paired
SRR10245346,paired
SRR10245348,paired
SRR10245350,paired
SRR10245352,paired
SRR6079460,paired
SRR6079461,paired
SRR6079462,paired
SRR6079463,paired
SRR6079464,paired
SRR6079465,paired
SRR6079466,paired
SRR6079467,paired
SRR6079468,paired
SRR6079469,paired
SRR6079470,paired
SRR6079471,paired
SRR6079472,paired
SRR6079473,paired
SRR6079474,paired
SRR13949088,paired
SRR13949089,paired
SRR13949090,paired
SRR13949091,paired
SRR13949092,paired
SRR13949093,paired
SRR13949094,paired
SRR13949095,paired
SRR13949097,paired
SRR13949098,paired
SRR13949099,paired
SRR13949100,paired
SRR13949101,paired
SRR13949102,paired
SRR13949103,paired
SRR13949104,paired
SRR13949105,paired
SRR13949106,paired
SRR13949107,paired
SRR13949109,paired
SRR13949110,paired
SRR13949111,paired
SRR13949112,paired
SRR13949113,paired
SRR13949114,paired
SRR13949115,paired
SRR13949116,paired
SRR13949117,paired
SRR13949118,paired
SRR13949119,paired
SRR13949120,paired
SRR13949122,paired
SRR13949123,paired
SRR13949124,paired
SRR13949125,paired
SRR13949126,paired
SRR13949127,paired
SRR13949128,paired
SRR13949129,paired
SRR13949130,paired
SRR13949132,paired
SRR13949134,paired
SRR13949135,paired
SRR13949136,paired
SRR13949137,paired
SRR13949138,paired
SRR13949139,paired
SRR13949140,paired
SRR13949141,paired
SRR13949142,paired
SRR13949143,paired
SRR13949144,paired
SRR13949145,paired
SRR13949146,paired
SRR13949147,paired
SRR13949148,paired
SRR13949149,paired
SRR13949150,paired
SRR13949151,paired
SRR13949152,paired
SRR13949153,paired
SRR13949154,paired
SRR13949155,paired
SRR13949156,paired
SRR13949157,paired
SRR13949158,paired
SRR13949160,paired
SRR13949161,paired
SRR13949162,paired
SRR13949163,paired
SRR13949164,paired
SRR13949165,paired
SRR13949166,paired
SRR13949168,paired
SRR13949169,paired
SRR13949170,paired
SRR13949171,paired
SRR13949173,paired
SRR13949174,paired
SRR13949175,paired
SRR13949176,paired
SRR13949177,paired
SRR13949178,paired
SRR13949179,paired
SRR13949180,paired
SRR13949181,paired
SRR13949182,paired
SRR13949183,paired
SRR13949184,paired
SRR13949185,paired
SRR13949187,paired
SRR13949188,paired
SRR13949189,paired
SRR13949190,paired
SRR13949191,paired
SRR13949192,paired
SRR13949193,paired
SRR13949194,paired
SRR13949195,paired
SRR13949196,paired
SRR13949197,paired
SRR13949198,paired
SRR13949199,paired
SRR13949200,paired
SRR13949201,paired
SRR13949202,paired
SRR13949203,paired
SRR13949204,paired
SRR13949205,paired
SRR13949206,paired
SRR13949207,paired
SRR13949208,paired
SRR13949209,paired
SRR13949210,paired
SRR13949211,paired
SRR13949212,paired
SRR13949213,paired
SRR13949214,paired
SRR13949216,paired
SRR13949217,paired
SRR13949218,paired
SRR13949219,paired
SRR13949221,paired
SRR13949222,paired
SRR13949223,paired
SRR13949224,paired
SRR13949225,paired
SRR13949096,paired
SRR13949108,paired
SRR13949121,paired
SRR13949131,paired
SRR13949133,paired
SRR13949159,paired
SRR13949167,paired
SRR13949172,paired
SRR13949186,paired
SRR13949215,paired
SRR13949220,paired
SRR11862916,paired
SRR11862939,paired
SRR11862945,paired
SRR11862962,paired
SRR11862968,paired
SRR11862985,paired
SRR11862991,paired
SRR11862904,paired
SRR11862922,paired
SRR11862927,paired
SRR11862950,paired
SRR11862973,paired
SRR11863001,paired
SRR11863004,paired
SRR11862996,paired
SRR11560241,paired
SRR11560242,paired
SRR11560243,paired
SRR11560244,paired
SRR11560245,paired
SRR11560246,paired
SRR11560247,paired
SRR11560248,paired
SRR11560249,paired
SRR11560250,paired
SRR11560251,paired
SRR11560252,paired
SRR11560253,paired
SRR11560254,paired
SRR11560255,paired
SRR11560256,paired
SRR11560257,paired
SRR11560258,paired
SRR11560259,paired
SRR11560260,paired
SRR11560261,paired
SRR11560262,paired
SRR11560263,paired
SRR11560264,paired
SRR11560265,paired
SRR11560266,paired
SRR11560267,paired
SRR11560268,paired
SRR11560269,paired
SRR11560270,paired
SRR11560271,paired
SRR11560272,paired
SRR11560273,paired
SRR11362520,paired
SRR11362526,paired
SRR11362527,paired
SRR11362528,paired
SRR11362529,paired
SRR11362530,paired
SRR11362539,paired
SRR11362545,paired
SRR11362550,paired
SRR11362551,paired
SRR11362552,paired
SRR11362553,paired
SRR11362554,paired
SRR11362555,paired
SRR11362556,paired
SRR11362557,paired
SRR13253945,paired
SRR13253946,paired
SRR13253947,paired
SRR13253948,paired
SRR13253949,paired
SRR13253950,paired
SRR13249466,paired
SRR13249468,paired
SRR13249470,paired
SRR13249472,paired
SRR13249474,paired
SRR13249465,paired
SRR13249467,paired
SRR13249469,paired
SRR13249471,paired
SRR13249473,paired
SRR13155379,paired
SRR13155380,paired
SRR13155381,paired
SRR13155382,paired
SRR13155383,paired
SRR13155384,paired
SRR13155385,paired
SRR13155386,paired
SRR13155387,paired
SRR13155388,paired
SRR13155389,paired
SRR13155390,paired
SRR13155391,paired
SRR13155392,paired
SRR13155393,paired
SRR13155394,paired
SRR13155395,paired
SRR13155396,paired
SRR13155397,paired
SRR13155398,paired
SRR13155399,paired
SRR13155400,paired
SRR13155401,paired
SRR13155402,paired
SRR13155403,paired
SRR13155404,paired
SRR13155405,paired
SRR13155406,paired
SRR13155407,paired
SRR13155408,paired
SRR13155409,paired
SRR13155410,paired
SRR13156119,paired
SRR13156120,paired
SRR13156121,paired
SRR13156122,paired
SRR13156123,paired
SRR13156124,paired
SRR13156125,paired
SRR13156126,paired
SRR13156127,paired
SRR13156128,paired
SRR13156129,paired
SRR13156130,paired
SRR13156131,paired
SRR13156132,paired
SRR13156133,paired
SRR13156134,paired
SRR13156135,paired
SRR13156136,paired
SRR13156137,paired
SRR13156138,paired
SRR13156139,paired
SRR13156140,paired
SRR13156141,paired
SRR13156142,paired
SRR13156143,paired
SRR13156144,paired
SRR13156145,paired
SRR13156146,paired
SRR13156147,paired
SRR13156148,paired
SRR13132290,paired
SRR13132291,paired
SRR13132292,paired
SRR13132293,paired
SRR13132294,paired
SRR13132295,paired
SRR13132296,paired
SRR13132297,paired
SRR13132298,paired
SRR13132299,paired
SRR13132300,paired
SRR13132301,paired
SRR13132302,paired
SRR13132303,paired
SRR13132304,paired
SRR13132305,paired
SRR13132306,paired
SRR13132307,paired
SRR13132308,paired
SRR13132309,paired
SRR13132310,paired
SRR13132311,paired
SRR13132312,paired
SRR13132313,paired
SRR13132314,paired
SRR13132315,paired
SRR13132316,paired
SRR13132317,paired
SRR13132318,paired
SRR13132319,paired
SRR13132320,paired
SRR13132321,paired
SRR13277436,paired
SRR13277437,paired
SRR13277438,paired
SRR13277439,paired
SRR13277440,paired
SRR13277441,paired
SRR13277442,paired
SRR13277443,paired
SRR13277444,paired
SRR13280178,paired
SRR13280179,paired
SRR13280180,paired
SRR13280181,paired
SRR13280182,paired
SRR13280183,paired
SRR13280184,paired
SRR13280185,paired
SRR13280186,paired
SRR13280187,paired
SRR13274856,paired
SRR13274857,paired
SRR13274858,paired
SRR13274859,paired
SRR13274860,paired
SRR13274861,paired
SRR13274862,paired
SRR13274863,paired
SRR13274864,paired
SRR13274865,paired
SRR13274866,paired
SRR13274867,paired
SRR13274868,paired
SRR13275130,paired
SRR13275131,paired
SRR13275132,paired
SRR13275133,paired
SRR13275134,paired
SRR13275135,paired
SRR13275136,paired
SRR13275137,paired
SRR13275138,paired
SRR13275169,paired
SRR13275170,paired
SRR13275171,paired
SRR13275172,paired
SRR13275173,paired
SRR13275174,paired
SRR13275175,paired
SRR13275176,paired
SRR13275177,paired
SRR13275178,paired
SRR13275179,paired
SRR13275180,paired
SRR13275181,paired
SRR13275182,paired
SRR13275183,paired
SRR13275184,paired
SRR13275185,paired
SRR13302386,paired
SRR13302387,paired
SRR13302388,paired
SRR13302389,paired
SRR13302390,paired
SRR13302391,paired
SRR13302392,paired
SRR13302498,paired
SRR13302499,paired
SRR13302500,paired
SRR13302501,paired
SRR13302502,paired
SRR13302503,paired
SRR13302504,paired
SRR13284884,paired
SRR13284885,paired
SRR13284886,paired
SRR13284887,paired
SRR13284888,paired
SRR13284889,paired
SRR13286853,paired
SRR13286854,paired
SRR13286855,paired
SRR13286856,paired
SRR13286857,paired
SRR13286858,paired
SRR13286859,paired
SRR13292266,paired
SRR13292267,paired
SRR13292268,paired
SRR13292269,paired
SRR13292270,paired
SRR13292271,paired
SRR13292272,paired
SRR13292273,paired
SRR13292274,paired
SRR13292275,paired
SRR13292323,paired
SRR13292324,paired
SRR13292325,paired
SRR13292326,paired
SRR13292327,paired
SRR13292328,paired
SRR13292329,paired
SRR13292330,paired
SRR13292331,paired
SRR13297065,paired
SRR13297066,paired
SRR13297067,paired
SRR13297068,paired
SRR13297069,paired
SRR13297070,paired
SRR9940699,single
SRR9940700,single
SRR9940701,single
SRR9040835,paired
SRR9040836,paired
SRR9040837,paired
SRR9040838,paired
SRR9040839,paired
SRR9040840,paired
SRR9040841,paired
SRR9040842,paired
SRR9040843,paired
SRR9040844,paired
SRR9040845,paired
SRR9040846,paired
SRR9040847,paired
SRR9040848,paired
SRR9040849,paired
SRR9040850,paired
SRR9040851,paired
SRR9040852,paired
SRR9040853,paired
SRR9040854,paired
SRR9040855,paired
SRR9040856,paired
SRR9040857,paired
SRR9040858,paired
SRR9040859,paired
SRR9040860,paired
SRR9040861,paired
SRR9040862,paired
SRR9040863,paired
SRR9040864,paired
SRR9040865,paired
SRR9040866,paired
SRR9040867,paired
SRR9040868,paired
SRR9040869,paired
SRR9040870,paired
SRR9040871,paired
SRR9040872,paired
SRR9040873,paired
SRR9040874,paired
SRR9040875,paired
SRR9040876,paired
SRR9040877,paired
SRR9040878,paired
SRR9040879,paired
SRR9040880,paired
SRR9040881,paired
SRR9040882,paired
SRR9040883,paired
SRR9040884,paired
SRR9040885,paired
SRR9040886,paired
SRR9040887,paired
SRR9040888,paired
SRR9040889,paired
SRR9040890,paired
SRR9040891,paired
SRR9040892,paired
SRR9040893,paired
SRR9040894,paired
SRR9040895,paired
SRR9040896,paired
SRR9040897,paired
SRR9040898,paired
SRR9040899,paired
SRR9040900,paired
SRR9040901,paired
SRR9040902,paired
SRR9040903,paired
SRR9040904,paired
ERR2272989,paired
ERR2272990,paired
ERR2272991,paired
ERR2272992,paired
ERR2272993,paired
ERR2272994,paired
ERR2272995,paired
ERR2272996,paired
ERR2272997,paired
ERR2272998,paired
ERR2272999,paired
ERR2273000,paired
ERR2273001,paired
ERR2273002,paired
ERR2273003,paired
ERR2273004,paired
ERR2273005,paired
ERR2273006,paired
ERR2273007,paired
ERR2273008,paired
ERR2273009,paired
ERR2273010,paired
ERR2273011,paired
ERR2273012,paired
ERR2273013,paired
ERR2273014,paired
ERR2273015,paired
ERR2273016,paired
ERR2273017,paired
ERR2273018,paired
ERR2273019,paired
ERR2273020,paired
ERR2273021,paired
ERR3427610,paired
ERR3427611,paired
ERR3427613,paired
ERR3427616,paired
ERR3427609,paired
ERR3427612,paired
ERR3427615,paired
ERR5330023,paired
ERR5330024,paired
ERR5330025,paired
ERR5330026,paired
ERR5330027,paired
ERR5330028,paired
ERR5330029,paired
ERR5330030,paired
ERR5330031,paired
ERR5330032,paired
ERR5330033,paired
ERR5330034,paired
ERR5330035,paired
ERR5330036,paired
ERR5330037,paired
ERR5330038,paired
ERR5330039,paired
ERR5330040,paired
ERR5330041,paired
ERR5330042,paired
ERR5330043,paired
ERR5330044,paired
ERR5330045,paired
ERR5330046,paired
ERR5330047,paired
ERR5330048,paired
ERR5330049,paired
ERR5330050,paired
ERR5330051,paired
ERR5330052,paired
ERR5330053,paired
ERR5330054,paired
ERR5330055,paired
ERR5330056,paired
ERR5330057,paired
ERR5330058,paired
ERR5330059,paired
ERR5330060,paired
ERR5330061,paired
ERR5330062,paired
ERR5330063,paired
ERR5330064,paired
ERR5330065,paired
ERR5330066,paired
ERR5330067,paired
ERR5330068,paired
ERR5330069,paired
ERR5330070,paired
ERR5330071,paired
ERR5330072,paired
ERR5330262,paired
ERR5330263,paired
ERR5330264,paired
ERR5330265,paired
ERR5330266,paired
ERR5330267,paired
ERR5330268,paired
ERR5330269,paired
ERR5330270,paired
ERR5330271,paired
ERR5330272,paired
ERR5330273,paired
ERR5330274,paired
ERR5330275,paired
ERR5330276,paired
ERR5330277,paired
ERR5330278,paired
ERR5330279,paired
ERR5330280,paired
ERR5330281,paired
ERR5330282,paired
ERR5330283,paired
ERR5330284,paired
ERR5330285,paired
ERR5330286,paired
ERR5330287,paired
ERR5330288,paired
ERR5330289,paired
ERR5330290,paired
ERR5330291,paired
ERR5330292,paired
ERR5330293,paired
ERR5330294,paired
ERR5330295,paired
ERR5330296,paired
ERR5330297,paired
ERR5330298,paired
ERR5330299,paired
ERR5330300,paired
ERR5330301,paired
ERR5330302,paired
ERR5330303,paired
ERR5330304,paired
ERR5330305,paired
ERR5330306,paired
ERR5330307,paired
ERR5330308,paired
ERR5330309,paired
ERR5330310,paired
ERR5330311,paired
ERR5330329,paired
ERR5330330,paired
ERR5330331,paired
ERR5330332,paired
ERR5330333,paired
ERR5330334,paired
ERR5330335,paired
ERR5330336,paired
ERR5330337,paired
ERR5330338,paired
ERR5330339,paired
ERR5330340,paired
ERR5330341,paired
ERR5330342,paired
ERR5330343,paired
ERR5330344,paired
ERR5330345,paired
ERR5330346,paired
ERR5330347,paired
ERR5330348,paired
ERR5330349,paired
ERR5330350,paired
ERR5330351,paired
ERR5330352,paired
ERR5330353,paired
ERR5330354,paired
ERR5330355,paired
ERR5330356,paired
ERR5330357,paired
ERR5330358,paired
ERR5330359,paired
ERR5330360,paired
ERR5330361,paired
ERR5330362,paired
ERR5330363,paired
ERR5330364,paired
ERR5330365,paired
ERR5330366,paired
ERR5330367,paired
ERR5330368,paired
ERR5330369,paired
ERR5330370,paired
ERR5330371,paired
ERR5330372,paired
ERR5330373,paired
ERR5330374,paired
ERR5330375,paired
ERR5330376,paired
ERR5330377,paired
ERR5330378,paired
ERR5330390,paired
ERR5330391,paired
ERR5330392,paired
ERR5330393,paired
ERR5330394,paired
ERR5330395,paired
ERR5330396,paired
ERR5330397,paired
ERR5330398,paired
ERR5330399,paired
ERR5330400,paired
ERR5330401,paired
ERR5330402,paired
ERR5330403,paired
ERR5330404,paired
ERR5330405,paired
ERR5330406,paired
ERR5330407,paired
ERR5330408,paired
ERR5330409,paired
ERR5330410,paired
ERR5330411,paired
ERR5330412,paired
ERR5330413,paired
ERR5330414,paired
ERR5330415,paired
ERR5330416,paired
ERR5330417,paired
ERR5330418,paired
ERR5330419,paired
ERR5330420,paired
ERR5330421,paired
ERR5330422,paired
ERR5330423,paired
ERR5330424,paired
ERR5330425,paired
ERR5330426,paired
ERR5330427,paired
ERR5330428,paired
ERR5330429,paired
ERR5330470,paired
ERR5330471,paired
ERR5330472,paired
ERR5330473,paired
ERR5330474,paired
ERR5330475,paired
ERR5330476,paired
ERR5330477,paired
ERR5330478,paired
ERR5330479,paired
ERR5330480,paired
ERR5330481,paired
ERR5330482,paired
ERR5330483,paired
ERR5330484,paired
ERR5330485,paired
ERR5330486,paired
ERR5330487,paired
ERR5330488,paired
ERR5330489,paired
ERR5330490,paired
ERR5330491,paired
ERR5330492,paired
ERR5330493,paired
ERR5330494,paired
ERR5330495,paired
ERR5330496,paired
ERR5330497,paired
ERR5330498,paired
ERR5330499,paired
ERR5330500,paired
ERR5330501,paired
ERR5330502,paired
ERR5330503,paired
ERR5330504,paired
ERR5330505,paired
ERR5330506,paired
ERR5330507,paired
ERR5330508,paired
ERR5330509,paired
ERR5330510,paired
ERR5330511,paired
ERR5330512,paired
ERR5330513,paired
ERR5330514,paired
ERR5330515,paired
ERR5330516,paired
ERR5330517,paired
ERR5330518,paired
ERR5330519,paired
SRR14273008,paired
SRR14273009,paired
SRR14273013,paired
SRR14273018,paired
SRR14273022,paired
SRR14273049,paired
SRR14273050,paired
SRR14273054,paired
SRR14273064,paired
SRR14273071,paired
SRR14273072,paired
SRR14273077,paired
SRR14273080,paired
SRR14273096,paired
SRR14273116,paired
SRR14273121,paired
SRR14273128,paired
SRR14273134,paired
SRR14273137,paired
SRR14273138,paired
SRR14273147,paired
SRR14273153,paired
SRR14273163,paired
SRR14273167,paired
SRR14273184,paired
SRR14273186,paired
SRR14273187,paired
SRR14273210,paired
SRR14273216,paired
SRR14273221,paired
SRR14273227,paired
SRR14273239,paired
SRR14273242,paired
SRR14273243,paired
SRR14273246,paired
SRR14273247,paired
SRR14273255,paired
SRR14273274,paired
SRR14273288,paired
SRR14273295,paired
SRR14273304,paired
SRR14273307,paired
SRR14273309,paired
SRR14273318,paired
SRR14273059,paired
SRR14273097,paired
SRR14273098,paired
SRR14273117,paired
SRR14273140,paired
SRR14273144,paired
SRR14273173,paired
SRR14273205,paired
SRR14273213,paired
SRR14273240,paired
SRR14273258,paired
SRR14273264,paired
SRR14273265,paired
SRR14273272,paired
SRR14273283,paired
SRR14273286,paired
SRR14273313,paired
SRR14273015,paired
SRR14273020,paired
SRR14273028,paired
SRR14273029,paired
SRR14273056,paired
SRR14273062,paired
SRR14273109,paired
SRR14273110,paired
SRR14273115,paired
SRR14273131,paired
SRR14273133,paired
SRR14273148,paired
SRR14273158,paired
SRR14273159,paired
SRR14273165,paired
SRR14273185,paired
SRR14273200,paired
SRR14273206,paired
SRR14273244,paired
SRR14273014,paired
SRR14273016,paired
SRR14273031,paired
SRR14273046,paired
SRR14273107,paired
SRR14273114,paired
SRR14273127,paired
SRR14273155,paired
SRR14273160,paired
SRR14273177,paired
SRR14273178,paired
SRR14273192,paired
SRR14273194,paired
SRR14273198,paired
SRR14273207,paired
SRR14273226,paired
SRR14273233,paired
SRR14273266,paired
SRR14273270,paired
SRR14273298,paired
SRR14273005,paired
SRR14273012,paired
SRR14273024,paired
SRR14273034,paired
SRR14273037,paired
SRR14273042,paired
SRR14273045,paired
SRR14273052,paired
SRR14273057,paired
SRR14273066,paired
SRR14273074,paired
SRR14273078,paired
SRR14273118,paired
SRR14273126,paired
SRR14273139,paired
SRR14273150,paired
SRR14273154,paired
SRR14273161,paired
SRR14273166,paired
SRR14273174,paired
SRR14273196,paired
SRR14273230,paired
SRR14273237,paired
SRR14273254,paired
SRR14273257,paired
SRR14273279,paired
SRR14273287,paired
SRR14273289,paired
SRR14273311,paired
SRR14273006,paired
SRR14273019,paired
SRR14273021,paired
SRR14273035,paired
SRR14273036,paired
SRR14273038,paired
SRR14273041,paired
SRR14273069,paired
SRR14273082,paired
SRR14273083,paired
SRR14273084,paired
SRR14273088,paired
SRR14273090,paired
SRR14273094,paired
SRR14273100,paired
SRR14273101,paired
SRR14273106,paired
SRR14273112,paired
SRR14273123,paired
SRR14273136,paired
SRR14273181,paired
SRR14273190,paired
SRR14273193,paired
SRR14273197,paired
SRR14273201,paired
SRR14273203,paired
SRR14273208,paired
SRR14273209,paired
SRR14273211,paired
SRR14273218,paired
SRR14273225,paired
SRR14273229,paired
SRR14273236,paired
SRR14273248,paired
SRR14273249,paired
SRR14273268,paired
SRR14273275,paired
SRR14273280,paired
SRR14273281,paired
SRR14273282,paired
SRR14273284,paired
SRR14273296,paired
SRR14273310,paired
SRR14273314,paired
SRR14273317,paired
SRR14273321,paired
SRR14273004,paired
SRR14273007,paired
SRR14273010,paired
SRR14273011,paired
SRR14273017,paired
SRR14273025,paired
SRR14273030,paired
SRR14273043,paired
SRR14273044,paired
SRR14273047,paired
SRR14273053,paired
SRR14273058,paired
SRR14273060,paired
SRR14273061,paired
SRR14273063,paired
SRR14273065,paired
SRR14273067,paired
SRR14273068,paired
SRR14273073,paired
SRR14273075,paired
SRR14273086,paired
SRR14273089,paired
SRR14273091,paired
SRR14273092,paired
SRR14273093,paired
SRR14273102,paired
SRR14273104,paired
SRR14273105,paired
SRR14273108,paired
SRR14273111,paired
SRR14273113,paired
SRR14273119,paired
SRR14273122,paired
SRR14273125,paired
SRR14273129,paired
SRR14273130,paired
SRR14273132,paired
SRR14273135,paired
SRR14273143,paired
SRR14273145,paired
SRR14273146,paired
SRR14273149,paired
SRR14273156,paired
SRR14273157,paired
SRR14273162,paired
SRR14273164,paired
SRR14273168,paired
SRR14273170,paired
SRR14273171,paired
SRR14273172,paired
SRR14273175,paired
SRR14273176,paired
SRR14273179,paired
SRR14273182,paired
SRR14273183,paired
SRR14273188,paired
SRR14273191,paired
SRR14273195,paired
SRR14273199,paired
SRR14273202,paired
SRR14273204,paired
SRR14273212,paired
SRR14273214,paired
SRR14273215,paired
SRR14273219,paired
SRR14273220,paired
SRR14273222,paired
SRR14273223,paired
SRR14273224,paired
SRR14273228,paired
SRR14273231,paired
SRR14273232,paired
SRR14273238,paired
SRR14273241,paired
SRR14273245,paired
SRR14273250,paired
SRR14273252,paired
SRR14273256,paired
SRR14273261,paired
SRR14273263,paired
SRR14273267,paired
SRR14273269,paired
SRR14273271,paired
SRR14273277,paired
SRR14273278,paired
SRR14273290,paired
SRR14273291,paired
SRR14273292,paired
SRR14273294,paired
SRR14273301,paired
SRR14273302,paired
SRR14273303,paired
SRR14273305,paired
SRR14273312,paired
SRR14273315,paired
SRR14273316,paired
SRR14273319,paired
SRR14273320,paired
SRR14273026,paired
SRR14273076,paired
SRR14273142,paired
SRR14273002,paired
SRR14273003,paired
SRR14273033,paired
SRR14273048,paired
SRR14273051,paired
SRR14273141,paired
SRR14273253,paired
SRR14273262,paired
SRR14273276,paired
SRR14273023,paired
SRR14273039,paired
SRR14273040,paired
SRR14273055,paired
SRR14273079,paired
SRR14273081,paired
SRR14273120,paired
SRR14273124,paired
SRR14273152,paired
SRR14273169,paired
SRR14273217,paired
SRR14273251,paired
SRR14273259,paired
SRR14273260,paired
SRR14273273,paired
SRR14273285,paired
SRR14273297,paired
SRR14273308,paired
SRR14273322,paired
SRR14273032,paired
SRR14273085,paired
SRR14273099,paired
SRR14273235,paired
SRR14273070,paired
SRR14273087,paired
SRR14273095,paired
SRR14273151,paired
SRR14273180,paired
SRR14273299,paired
SRR14273306,paired
SRR14273027,paired
SRR14273293,paired
SRR14273300,paired
SRR14273189,paired
SRR14273103,paired
SRR14273234,paired
SRR14255540,paired
SRR14255541,paired
SRR14255542,paired
SRR14255543,paired
SRR14255544,paired
SRR14255545,paired
SRR14255546,paired
SRR14255547,paired
SRR14255549,paired
SRR14255551,paired
SRR14255552,paired
SRR14255553,paired
SRR14255554,paired
SRR14255555,paired
SRR14255556,paired
SRR14255557,paired
SRR14255559,paired
SRR14255560,paired
SRR14255561,paired
SRR14255562,paired
SRR14255563,paired
SRR14255564,paired
SRR14255565,paired
SRR14255567,paired
SRR14255568,paired
SRR14255569,paired
SRR14255570,paired
SRR14255571,paired
SRR14255573,paired
SRR14255574,paired
SRR14255577,paired
SRR14255578,paired
SRR14255579,paired
SRR14255580,paired
SRR14255581,paired
SRR14255582,paired
SRR14255583,paired
SRR14255550,paired
SRR14255575,paired
SRR14255539,paired
SRR14255548,paired
SRR14255558,paired
SRR14255566,paired
SRR14255572,paired
ERR3089297,single
ERR3089298,single
ERR3089299,single
ERR3089300,single
ERR3089301,single
ERR3089302,single
ERR3089303,single
ERR3089304,single
ERR3089305,single
ERR3089306,single
ERR3089307,single
ERR3089308,single
ERR3089309,single
ERR3089310,single
ERR3089311,single
ERR3089312,single
ERR3089313,single
ERR3089314,single
ERR3089315,single
ERR3089316,single
ERR3089317,single
ERR3089318,single
ERR3089319,single
ERR3089320,single
ERR3089321,single
ERR3089322,single
ERR3089323,single
ERR3089324,single
ERR3089325,single
ERR3089326,single
ERR3089327,single
ERR3089328,single
ERR3089329,single
ERR3089330,single
ERR3089331,single
ERR3089332,single
ERR3089333,single
ERR3089334,single
ERR3089335,single
ERR3089336,single
ERR3089337,single
ERR3089338,single
ERR3089339,single
ERR3089340,single
ERR3089341,single
ERR3089342,single
ERR3089343,single
ERR3089344,single
ERR3089345,single
ERR3089346,single
ERR3089419,single
ERR3089420,single
ERR3089421,single
ERR3089422,single
ERR3089423,single
ERR3089424,single
ERR3089425,single
ERR3089426,single
ERR3089427,single
ERR3089428,single
ERR3089429,single
ERR3089430,single
ERR3089431,single
ERR3089432,single
ERR3089433,single
ERR3089434,single
ERR3089435,single
ERR3089436,single
ERR3089437,single
ERR3089438,single
ERR3089439,single
ERR3089440,single
ERR3089441,single
ERR3089442,single
ERR3089443,single
ERR3089444,single
ERR3089445,single
ERR3089446,single
ERR3089447,single
ERR3089448,single
ERR3089449,single
ERR3089450,single
ERR3089451,single
ERR3089452,single
ERR3089453,single
ERR3089454,single
ERR3089455,single
ERR3089456,single
ERR3089457,single
ERR3089458,single
ERR3089459,single
ERR3089460,single
ERR3089461,single
ERR3089462,single
ERR3089463,single
ERR3089464,single
ERR3089465,single
ERR3089466,single
ERR3089467,single
ERR3089468,single